2026-03-04 23:45:21,Vision_Module,Start,info,Processing YEMEN_001,0.0
2026-03-04 23:45:21,Vision_Module,Success,success,100% Complete,100.0
2026-03-05 23:31:49,Vision_Module,Start,info,Processing YEMEN_001,0.0
2026-03-05 23:31:49,Vision_Module,Success,success,100% Quality Reached,100.0
2026-03-05 23:50:52,CJ_Real_API_V2,Auth,success,Access Granted via API Key,0.0
2026-03-05 23:50:52,CJ_Real_API_V2,Search,info,Searching for shoes,0.0
2026-03-05 23:54:37,CJ_Real_API_V2,Search,info,Fetching products for: shoes,0.0
2026-03-06 22:22:25,Vision_Module,Start,info,Processing YEMEN_001,0.0
2026-03-06 22:27:16,Vision_Module,Start,info,Processing YEMEN_001,0.0
2026-03-06 22:27:16,Vision_Module,Success,success,100% Quality Reached,100.0
2026-03-06 22:28:12,CJ_Real_API_V2,Auth,success,Access Granted,0.0
2026-03-06 22:28:12,CJ_Real_API_V2,Search,info,Fetching products for: shoes,0.0
2026-03-06 23:02:40,SYSTEM,Boot,info,Agentic Loop Started on Railway,0.0
2026-03-06 23:02:41,CJ_Real_API_V2,Auth,success,Access Granted,0.0
2026-03-06 23:02:41,CJ_Real_API_V2,Search,info,Fetching products for: smart tech,0.0
2026-03-06 23:02:41,Vision_Unit,Start,info,Processing REAL_SKU_123,0.0
2026-03-06 23:02:41,Vision_Unit,Success,success,100% Quality Reached,100.0
2026-03-07 00:15:26,SYSTEM,Boot,info,Agentic Loop Started on Railway,0.0
2026-03-07 00:15:27,CJ_Real_API_V2,Auth,success,Access Granted,0.0
2026-03-07 00:15:27,CJ_Real_API_V2,Search,info,Fetching products for: smart tech,0.0
2026-03-07 00:15:27,Vision_Unit,Start,info,Processing REAL_SKU_123,0.0
2026-03-07 00:15:27,Vision_Unit,Success,success,100% Quality Reached,100.0
